Ticks,Correlation,sharp_ration,mean,std,期限,债券,股票,规模,status
004609.OF,0.673921768,2.341834242,0.000402029,0.002725219,长期,64.41%,17.55%,1.19,selected
002462.OF,0.756141701,2.208506804,0.000309778,0.002226651,长期,15.69%,23.27%,0.19,selected
000215.OF,0.410308983,1.227355828,0.000423981,0.005483736,长期,20.71,7.69%,7.31,selected